{"r_percentile": 0.9950531154870986, "mean": 0.9938746094703674, "l_percentile": 0.9927826941013336}