{"l_percentile": 0.992800985276699, "mean": 0.9943404793739319, "r_percentile": 0.9960455223917961}