{"mean": 476.376220703125, "scale": 355.614990234375}