{"mean": 0.9920386672019958, "scale": 0.013151395134627819}